name,description,category,rating,review_count,address,City,phone,website,email,latitude,longitude,social_media,photo_urls,url,scraped_at,open_hours,accessibility,Emails,Facebook,Instagram,YouTube,Twitter,LinkedIn
Olganos VL Luxury Rooms & Suites,Hotel,4-star hotel,4.7,262,"Merarchias 7, 10ης, Veria 591 32, Greece",Veria,+30 2331 072226,olganos.com,info@olganos.com,40.521338,22.1997934,,"[""https://lh3.googleusercontent.com/p/AF1QipNiYaMxZaNt_vAw07u7WQyLy9MRNtUaFT2yaXzr=w1200-h800"", ""https://lh3.googleusercontent.com/p/AF1QipOffXWMGr7TPUaTIrc86EF29_GtOMyz6DhRGHZV=w1200-h800"", ""https://lh3.googleusercontent.com/gps-cs-s/AC9h4nr8xYGPGMsseZKyt7O_huqXfQXVaDCbgjgpxpfPljmOsFNWU_Q5xgQS799KIFnhmNowoldmSh_8Op_QQTFHOCbZO2U_9tsUmM10MRnoye50B59x8s8NqjozkwyV3weF2wsLpD5Y=w1200-h800"", ""https://lh3.googleusercontent.com/p/AF1QipNGQV9wYfpVptcUYiPgvfpBcxMQrZyov7hJ0Upf=w1200-h800"", ""https://lh3.googleusercontent.com/p/AF1QipOdWfKycPHsQ4UzHRFq9KvuNoVLi-9P-rcoG67O=w1200-h800"", ""https://lh3.googleusercontent.com/gps-cs-s/AC9h4nrP9R8TOUSIPHodr7YP79A2_5OSmpBFCOxi9fQzG0zBO-0mvfz0aQyZvaAszSzFy9dvZx_vZq8kpbxPfeh-TaGfACN6UgYsS0WH-iopz6deBedYick5UK-IDXpx2Q8Tn5qW9JQh=w1200-h800"", ""https://lh3.googleusercontent.com/p/AF1QipN9lrqglF9dJIFjnQgtY98V0imLWJJL7UUu5s1D=w1200-h800"", ""https://lh6.googleusercontent.com/proxy/wXDHnxltUUJfF7m0SJSuuz4sP8jSqrwGXwZGVz2aNf9TH382IwZfD6Lw69KiKcuAohZ4jSWR7zdnO9mem310V43Q7if8VGayQ9itDxMs5vnCzP9MoKxiECjID6pA8o776vo6pYlZSUEZCtKsDop-naQVbb2fdrI=w1200-h800"", ""https://lh3.googleusercontent.com/p/AF1QipMnyugQk3WBBe4EHi0RduDr7lFYNkmIZdPsilrn=w1200-h800"", ""https://lh3.googleusercontent.com/p/AF1QipMBis6xxUUF5M6CimfAy5d2pqzsFbXvlrzcoRg=w1200-h800""]",https://www.google.com/maps/place/Olganos+VL+Luxury+Rooms+%26+Suites/data=!4m10!3m9!1s0x135792837780117d:0x53857564229897e7!5m2!4m1!1i2!8m2!3d40.521338!4d22.1997934!16s%2Fg%2F11c325qnbr!19sChIJfRGAd4OSVxMR55eYImR1hVM?authuser=0&hl=en&rclk=1,2025-09-06T16:37:41.704319,,,,,,,,
Blossom rooms & suite,Hotel,Guest house,4.7,100,"Merarchias 11, Veria 591 32, Greece",Veria,+30 2331 074440,,,40.5214427,22.1997978,,"[""https://lh3.googleusercontent.com/p/AF1QipMBis6xxUUF5M6CimfAy5d2pqzsFbXvlrzcoRg=w1200-h800"", ""https://lh3.googleusercontent.com/p/AF1QipOBJwKgGRgSSHFYI-7CR_bGUr664ExJAulyuWQ=w1200-h800"", ""https://lh3.googleusercontent.com/gps-cs-s/AC9h4nr5vEuv0EsRumbSaQKKy0iS1k-BfQH24xtfCh58RoNPBYJ3wqmHwoPU4NnW9IiS4YruRhohzcUT3ZbBdm6mtff91dzZIctYQgg6pYhyE_akfVOOKdBgvpsgf4E80YEf-ry4QBiEMA=w1200-h800"", ""https://lh3.googleusercontent.com/p/AF1QipMWLkHmiIHndKzGUa4phFFEhbvmwmB2l6ggKFs=w1200-h800"", ""https://lh3.googleusercontent.com/gps-cs-s/AC9h4npCL5QhCSQiOYvliDB9C_2HAi68Z2IOgBl7ZQAiajotUsaLMqT_qQsyBBllDEB7eH74ZjAAozpeBRDozIOkjaqBcywqa_dQ-YzyAJfB-Y5T5JaxRWQzpc8FD7QwEi3tvo-WOYkZ=w1200-h800"", ""https://lh3.googleusercontent.com/p/AF1QipOLassmia18BgENVtTxi7vdLyrwAlx6PNvukuI=w1200-h800"", ""https://lh3.googleusercontent.com/p/AF1QipMzlDqH2WJjxJc4sIxSSbifg78AJ4KYS0p7aeiG=w1200-h800"", ""https://lh6.googleusercontent.com/proxy/wXDHnxltUUJfF7m0SJSuuz4sP8jSqrwGXwZGVz2aNf9TH382IwZfD6Lw69KiKcuAohZ4jSWR7zdnO9mem310V43Q7if8VGayQ9itDxMs5vnCzP9MoKxiECjID6pA8o776vo6pYlZSUEZCtKsDop-naQVbb2fdrI=w1200-h800"", ""https://lh3.googleusercontent.com/p/AF1QipMnyugQk3WBBe4EHi0RduDr7lFYNkmIZdPsilrn=w1200-h800"", ""https://lh3.googleusercontent.com/proxy/uVMgZlKs-jdDmdMdZOp0A3gxI_63CvOaxcQccqaqj6IUI2EEwYmrmGVRDG3sU3l_-4_ZS0ZlSpbWgqyYWBbBuxxMhA_8c107TD_lY0Av3PM6bxlZMOuS798FnUZWoy4f_nYw0jbiTJgrBX2Ou-Wo4S6aWVyxscU=w1200-h800""]",https://www.google.com/maps/place/Blossom+rooms+%26+suite/data=!4m10!3m9!1s0x135793b3eb14ddb9:0x63fcf0b1312d7095!5m2!4m1!1i2!8m2!3d40.5214427!4d22.1997978!16s%2Fg%2F11j0w79jp7!19sChIJud0U67OTVxMRlXAtMbHw_GM?authuser=0&hl=en&rclk=1,2025-09-06T16:37:59.523757,,,,,,,,
Hotel Villa Elia,Hotel,3-star hotel,4.2,553,"Elias 10, Veria 591 32, Greece",Veria,+30 2331 026800,hotel-villaelia.gr,eliaver@otenet.gr,40.5233389,22.2062586,,"[""https://lh3.googleusercontent.com/gps-proxy/ALd4DhGgmqthvCXHhU2DkelnSC-MRIE8DUO_eeZozWs0NtJgkYVqBj-9in2MQB3fLdIcZEX9aurOTRlODkMjp_lHUKHQWkkOCSEZO7uuaEmlQXeVgmBdmE81OlCbrJPsYqcsr6FYJbBXKPtPGCfIQJKOCHdaSO3vrUTw5tNQBeLMlNp1jZgIzRnc8wIfWg=w1200-h800"", ""https://lh3.googleusercontent.com/gps-cs-s/AC9h4nq29nCyDjUWV4zzU2i64J9jXQItVnez-UxeR7u2kvbB6Dw71XocoT4VqshLnC96eaXRiJl7XcX1MppzcLDMjm-O-HVcKOJdk332YCvOzC13MTjmA2VknsAbl0g9ku7dwsgBMPav=w1200-h800"", ""https://lh3.googleusercontent.com/gps-cs-s/AC9h4noSpD7nKpwHNYQmuRiKHm6JSe-ynAza1-870DQVfCyZhQnnI0PX0Dx2zBeXr5adllkgG3y4o9HNFy-USXW5RiIBYnPvAUg6UwASSE4mTOz7h6YJKOwV8K9OjUazVxQgvq-oTlnh86haIMGm=w1200-h800"", ""https://lh3.googleusercontent.com/gps-cs-s/AC9h4nq-4y6zmSiw95YUrXx07eyWz-_SY2R7-lRgB9Ygko1Odrrx7oSXiPKf68a2Ipd0brn5tzjn2QE8ezjAfr-00dkDIAFYMhSmWGNENoZOkpf7GEodNoPdJBOqcXSc_QqEI8RNiOo=w1200-h800"", ""https://lh3.googleusercontent.com/gps-cs-s/AC9h4noCmmXoyYQBkScoRIqsdmo0qhHd1HdI4ZQLhXWWVhPI3avHtishdhDg-0fpJK3mVSsggJom-btwUBquTvu0dLimjCONJ1GXPLOvUTLoEMNtTsBaOMEqZr940L853KO0jBv67wqrtg=w1200-h800"", ""https://lh3.googleusercontent.com/gps-cs-s/AC9h4nqHubgz22zD_UU3G0_GGSR5yEAvuO1Ip43gf1q9YJLws_GTfJoM09BSZ9kk04Xj0b0kpHKmz_va-c-WEzzVKWdByMXYC_Bz8XcjyvuMy231XInBH7_GcuTJiwBZhjp1SSHxIRLU=w1200-h800"", ""https://lh3.googleusercontent.com/gps-cs-s/AC9h4nrsrDiyTp_Y6xYRMAuz_COpZfQP1L4Odby3xKih567jkAvqzziHeuf1qfVUoNCpny74g-aeIcj2S_8qOFhVv2qTr62H8MQxiiaqDOQOGV3cPDHNF-9SigYoMiTZ9EzuTbOavPy4=w1200-h800"", ""https://lh3.googleusercontent.com/p/AF1QipMzlDqH2WJjxJc4sIxSSbifg78AJ4KYS0p7aeiG=w1200-h800"", ""https://lh3.googleusercontent.com/proxy/uVMgZlKs-jdDmdMdZOp0A3gxI_63CvOaxcQccqaqj6IUI2EEwYmrmGVRDG3sU3l_-4_ZS0ZlSpbWgqyYWBbBuxxMhA_8c107TD_lY0Av3PM6bxlZMOuS798FnUZWoy4f_nYw0jbiTJgrBX2Ou-Wo4S6aWVyxscU=w1200-h800"", ""https://lh3.googleusercontent.com/p/AF1QipMBis6xxUUF5M6CimfAy5d2pqzsFbXvlrzcoRg=w1200-h800""]",https://www.google.com/maps/place/Hotel+Villa+Elia/data=!4m10!3m9!1s0x1357929a4bd5b10b:0x9734606e9fb1b865!5m2!4m1!1i2!8m2!3d40.5233389!4d22.2062586!16s%2Fg%2F1td81s1j!19sChIJC7HVS5qSVxMRZbixn25gNJc?authuser=0&hl=en&rclk=1,2025-09-06T16:38:17.457179,,,,,,,,
Makedonia Hotel,Hotel,3-star hotel,4.4,555,"Kontogeorgaki 50, Veria 591 32, Greece",Veria,+30 2331 066902,makedoniahotel.gr,info@makedoniahotel.gr,40.5213349,22.2054997,,"[""https://lh3.googleusercontent.com/gps-proxy/ALd4DhGTcXTDLJbxLDh4f9WtjFtZEim6cSH6aSomW12lDU47ER_l-e0IBDDeFIpXI9XquhmNsApzUtrjCT0OHPFiD31Stv25wuVvhrXACWycBje39Ba_wVOPEM8NoEBiugwSHJeFNrDObbaumBxoWlJQWvb54AN_M8Rb-Hla1v5dWRQ4G_Yqk0RNUwg=w1200-h800"", ""https://lh3.googleusercontent.com/gps-cs-s/AC9h4no8DSHhTfx62Hc6j9tbgxd9Ei3ZOZaMMUxqlbxfQdry1cNXf3WNhnfF_XAkVap7R_ZDtUm4Xip_Ju2cqQZn7hiRLI3xD58X0yTqQjFjwILGzF8dDrSPDPm7fcsZMl5dB-fKGLZR=w1200-h800"", ""https://lh3.googleusercontent.com/gps-cs-s/AC9h4npgueoQDHb63RHdwVUYWBw_QaWk-UC05N1JTcp381jXKDauIpwc0yMZtkTjCeZ-zZ9c4EdwAEruytuxIvjLZiatgyOcvQ3-kOyiV5CJ2JHrEmTPP3Bx4re1Su9F5AvxrYeS-Sn1=w1200-h800"", ""https://lh3.googleusercontent.com/gps-cs-s/AC9h4nqEXWqG3KyXNO5QMs_0M5mpJIYTJH6JtUb25amXEvjOGNViaswQwXqkR823aUuo1wWnM0iatw7LEv32d6t-xrKahz0YTIJPyT3MqI5xWHW7lyBhpKcnJGM_NUa5cgY2gEOvFkdkiOCVmTE=w1200-h800"", ""https://lh3.googleusercontent.com/gps-cs-s/AC9h4nqUEFbbi7S3Ve2mVrx0l85IGqMd1VoNTsVwnKF0S121oYD6w2Pari773ve2yMVGb4aKw3tfx64Y0GtaRabtGtH6VeJtr5wYJdIuRCLeh3ycGM6p9pfbJFMgK8sgb_yx5ayuLp2C=w1200-h800"", ""https://lh3.googleusercontent.com/gps-cs-s/AC9h4noUkyGeFekbBusBoMhupAnqm1DGSa0N-B4pi6sZYIRn7E7i0OWXighjE91Un7HCZ9oSS5mmvxz5bwsyxyvopA47qO0DT40kiiwbhz7z4BE1C_-FGeqVTKb20PHHFqkJ5XItAnKz=w1200-h800"", ""https://lh3.googleusercontent.com/gps-cs-s/AC9h4nqtTGgubEpqgsnHTAOWp5AJ920KCLoO_zQHZ9kQ-XMlWlr83reUxu97374lAar4lNrY24JrUUl4apPK_D_F_UDIPJU9sdgzgbIquqEFifUgozTnbqCdFIFybungENUxVlr_pi9l=w1200-h800"", ""https://lh3.googleusercontent.com/p/AF1QipMzlDqH2WJjxJc4sIxSSbifg78AJ4KYS0p7aeiG=w1200-h800"", ""https://lh3.googleusercontent.com/proxy/uVMgZlKs-jdDmdMdZOp0A3gxI_63CvOaxcQccqaqj6IUI2EEwYmrmGVRDG3sU3l_-4_ZS0ZlSpbWgqyYWBbBuxxMhA_8c107TD_lY0Av3PM6bxlZMOuS798FnUZWoy4f_nYw0jbiTJgrBX2Ou-Wo4S6aWVyxscU=w1200-h800"", ""https://lh3.googleusercontent.com/gps-cs-s/AC9h4nprEu-q8gBg_X7rY2wHJjdMKZby4dQit_HkWhevCQ2yjLkZvdtz2xsRZ5ffxJs8pokf56wkkjXZ2zMRcdqvKLJhmWUBAL2JphrWtdyedqeWoG-GuONansTecGh8C-nCHKwWeiTJ=w1200-h800""]",https://www.google.com/maps/place/Makedonia+Hotel/data=!4m10!3m9!1s0x1357929b7ec44cd5:0xfc4d89c3ee52e6b0!5m2!4m1!1i2!8m2!3d40.5213349!4d22.2054997!16s%2Fg%2F1tdj7xts!19sChIJ1UzEfpuSVxMRsOZS7sOJTfw?authuser=0&hl=en&rclk=1,2025-09-06T16:38:35.889116,,,,,,,,
Κόκκινο Σπίτι Boutique Hotel,Hotel,3-star hotel,4.7,457,"Olganou 10, Veria 591 32, Greece",Veria,+30 2331 074440,kokkinospiti.gr,info@kokkinospiti.gr,40.5213404,22.1994445,,"[""https://lh3.googleusercontent.com/gps-proxy/ALd4DhHIecbex6H6p5guxreN-6Yt-UJ1EDoX0MfQZBG9Py_sqE-QZIE851Ft3BMTjh0mdf-BIumTNqZ8EeIeB6kUz8OnBaTYaocmpsl9Vyb2zdD7b2NPvA37uDAqrTxjZVwTwPYdoSIkTZIaHMlNDq7wEJ1f2et6TdqtIU6L8cWWaVmuYNvLrtNgcu0I=w1200-h800"", ""https://lh3.googleusercontent.com/p/AF1QipNSJffxEhuglaAybLvWfu9tg2zGxFVt8_uq6FOG=w1200-h800"", ""https://lh3.googleusercontent.com/gps-cs-s/AC9h4nr_VQRHDuV4E9yh4Uw3-lf8mNw2OTpoG_1EMgrcRT-uzXvaT12zsdt-vO8XwH58NFlUTpJ6Coutnz7PryKvmY5E5kcXql2HPivNEh99rICTqHhsh-rxAQieEn2DTJxtZ86p2_ge8QwMMRqt=w1200-h800"", ""https://lh3.googleusercontent.com/gps-cs-s/AC9h4nqHSgff9sL63EjjKlyp5-UAPmtuyZ3yVepa7HUhc0UcRf-qrc8C8JfkpwUqya83ho_yIqGZdnWuVSaBk1psne6Ghiu7OclVxEpJKc2fWAQrKUQS6o0yFXky0e1s4GNQf4evCh7ZcQ=w1200-h800"", ""https://lh3.googleusercontent.com/p/AF1QipOAcDihCi1uLx2QYQu1VlKw7jp5hkEuS2amgjot=w1200-h800"", ""https://lh3.googleusercontent.com/gps-cs-s/AC9h4norAk5MTFmiWU0PU0wdN4y_IzHEP8Bf3Wzz8_KeHSHcYrOxNJB-tn7WkqhS5-jegI8_RIcyA2z4gnwamkoMoQCvC4Oj2peaQVcNkv5PQj36wlaGSzBsWLGscAqL_8aAkq2J7Vtr=w1200-h800"", ""https://lh3.googleusercontent.com/gps-cs-s/AC9h4npRH-rLJT-LK2YDgdxCZ2Aw1ujdCXXhalQCGBlciwKSvW5m-6fO6v49dEiTb4huRDjvkFEROVrkRc72Clz1aKblQ8-cFk8fqhx7Bcce6o63BkAc1QxJo5wzYbIzSv7F9lLMpe8=w1200-h800"", ""https://lh3.googleusercontent.com/p/AF1QipO6ShaW5tej-tbzljSwwMK9Nr9a-J6XraVLvHus=w1200-h800"", ""https://lh3.googleusercontent.com/gps-cs-s/AC9h4nr78bs1e05S64XW0h2MOuPmf9sEpAEYvqiv99H5iOGNp8pwQc1yn5A-5aVZG7kpUSrzE1TNPGTHSZ9g4wCjbFAB81Xih9eiXeonkHc3tj36_4sqPiWWp9_TWuPbf3sarai3IH3HEA=w1200-h800"", ""https://lh3.googleusercontent.com/p/AF1QipO5XjeFGlITJO0w9S8qX3MoQncpnUUgWzBu_edP=w1200-h800""]",https://www.google.com/maps/place/%CE%9A%CF%8C%CE%BA%CE%BA%CE%B9%CE%BD%CE%BF+%CE%A3%CF%80%CE%AF%CF%84%CE%B9+Boutique+Hotel/data=!4m10!3m9!1s0x135792839d5a8005:0xc631e1c86acf863c!5m2!4m1!1i2!8m2!3d40.5213404!4d22.1994445!16s%2Fg%2F1tqhmb6_!19sChIJBYBanYOSVxMRPIbPasjhMcY?authuser=0&hl=en&rclk=1,2025-09-06T16:38:53.926811,,,,,,,,
Riverside - Eco Living,Hotel,Guest house,5.0,8,"Olganou 24, Veria 591 32, Greece",Veria,+30 2331 074440,,,40.5211137,22.1991799,,"[""https://lh3.googleusercontent.com/p/AF1QipORVa9XlEDfSGmtGaMJ1heZtkTsu9i5brAbjvsT=w1200-h800"", ""https://lh3.googleusercontent.com/gps-cs-s/AC9h4no73E8EgZPolhLAB7KXR4C_6eNEQqeOvXyNuETmjvhLxT2FWgbd_MZBzoefO-AO-X0USGVkztIO5U8nnhYiYQXBu_P7haPTe1RGHjX_3jM7UOlReUPPatpP0zzl7zATHugUQWTlMZWh-qa2=w1200-h800"", ""https://lh3.googleusercontent.com/p/AF1QipP5fDsATYW5wcEfKSavMbyIQPhXzrYd98XbOTyj=w1200-h800"", ""https://lh3.googleusercontent.com/gps-cs-s/AC9h4nrdNwNuDttyZjg7DYCV15X5Bao68jOhJ06jeDraB0MC2SVCg7h1iNWrmx6QJBD5DDzgoiEAR5ZtFt7SEJAgUtU5ut6awh8XrpeNHEC7af8pji9nhe-yfTadCy-ld1lz_XKZkDo3VWPIUWQ=w1200-h800"", ""https://lh3.googleusercontent.com/p/AF1QipM-9XedcHV-Y7krfyRTBFAKlOV6vIrKnXu4a_ph=w1200-h800"", ""https://lh3.googleusercontent.com/gps-cs-s/AC9h4nqpLo43cT2VXyjmglGADoXseQKeWMZ2i1QVj3AKAdAbyJv4EjL1VplGR6S8i7KTWjy_tEnz-1GgEEnndAGtCF6nK9cMK7d8F6rsvrzUdoRWMh3xM-u7e4pVimCnC0uHecBH6_miN1wOzKl3=w1200-h800"", ""https://lh3.googleusercontent.com/p/AF1QipNTDo0X6i0skLteg7Dx79FTwalEejun4UZ5-SNi=w1200-h800"", ""https://lh6.googleusercontent.com/proxy/hbJabqBusv3_G8Vd7nOygp7qocccHDsQaYjLNMv-MHAskpDe-ceQL10kokQdkhn3CHeEFNFIKZZXVYKvDlyH0vrbIt-veCf9-fxeBq-J9NA_2xXeKJoZtR35_nHtLW7uLRoUlq3FB6skuLTSggZPju68iCd7xA=w1200-h800"", ""https://lh5.googleusercontent.com/proxy/VXIIMgw0o0tN7_NgZC35BcbOy0az8Cu_I_ywoJ_MczBaIYYCg-gGyHl2ogZ8k_ZYLwMPO72b7MKRWO6zPbEyAa6FHhr_ENWUV7MRGPMwNMLqYNQUknn5actREao0bTLpEYncLRe-yRD_J0qjUmxJejpQaP3rJDQ=w1200-h800"", ""https://lh6.googleusercontent.com/proxy/wbji--e1bvINWEkgz2ZYfrz_0WRrT-R3ZMSoKdJXttiEM1z929XrmL9MUuj_SVxcaVF0szaFD3hIeD88JWLlZjvIyIxG3Ypi7rtBT3gtzRcJzcReRYoQ05wopE7w1Bw_gZyoNnwP5qypnytQwJPhA6sMMV8FtQ=w1200-h800""]",https://www.google.com/maps/place/Riverside+-+Eco+Living/data=!4m10!3m9!1s0x13579322093aa8b3:0x45afecc76450f1f1!5m2!4m1!1i2!8m2!3d40.5211137!4d22.1991799!16s%2Fg%2F11m6r1tcdy!19sChIJs6g6CSKTVxMR8fFQZMfsr0U?authuser=0&hl=en&rclk=1,2025-09-06T16:39:09.557012,,,,,,,,
The House by the River,Hotel,Hotel,4.7,90,"Olganou 4, Veria 591 32, Greece",Veria,+30 693 723 2809,housebytheriver.gr,info@housebytheriver.gr,40.5216624,22.1995968,,"[""https://lh3.googleusercontent.com/p/AF1QipO_4oArRcewSiueExUpU5DFNxYba9LtZ1HsVa39=w1200-h800"", ""https://lh3.googleusercontent.com/p/AF1QipPqEsT1je9iyW380PL7XvId18yubrpTatLtbsml=w1200-h800"", ""https://lh3.googleusercontent.com/p/AF1QipPHkgEEGu_PmA_8pYb-_gXBHa6tjLp08Z-cUjoH=w1200-h800"", ""https://lh3.googleusercontent.com/p/AF1QipMolWV9WGWMuebMbXcMMDe_IrLstR4AUq7BykLA=w1200-h800"", ""https://lh3.googleusercontent.com/p/AF1QipNEd5OGcoXOfc2zHX50aGbScgupMI8XzWX-AukD=w1200-h800"", ""https://lh3.googleusercontent.com/gps-cs-s/AC9h4nqeP_qv1XHLaT-7EYWxRf0sbLm2K5A3jYuUxBMoy3Mit3nSkgaOijiQtX_bEIrX01CjHjtibPV2rbwDRixumCofUUjaWD1O3UEUUBRm2Q--CzzOm9MfDllkqPYMVShJu1CYK5Rk-w=w1200-h800"", ""https://lh3.googleusercontent.com/p/AF1QipOR0rrG_Q-3AOE4JwTMYl_Q1LA-B6_cM8KYrXsI=w1200-h800"", ""https://lh3.googleusercontent.com/gps-cs-s/AC9h4nrxnL5_JIeEvaDd22dfvjtmH_e1JAs1kg9vKsltmVEzxbFH0M3TzIKVou8kSOO7LoMlL2fpdkbKZXLjWVgsa-FhJLBwmz3vLBc9soqGlg01nZR8Age3KvFHCYmEvvLMhcXXHEbc=w1200-h800"", ""https://lh3.googleusercontent.com/p/AF1QipMnyugQk3WBBe4EHi0RduDr7lFYNkmIZdPsilrn=w1200-h800"", ""https://lh3.googleusercontent.com/p/AF1QipMBis6xxUUF5M6CimfAy5d2pqzsFbXvlrzcoRg=w1200-h800""]",https://www.google.com/maps/place/The+House+by+the+River/data=!4m10!3m9!1s0x13579283bd5e9b07:0x6a09fa7a3f77cd28!5m2!4m1!1i2!8m2!3d40.5216624!4d22.1995968!16s%2Fg%2F11b7w2_dbc!19sChIJB5tevYOSVxMRKM13P3r6CWo?authuser=0&hl=en&rclk=1,2025-09-06T16:39:25.309311,,,,,,,,
Aiges Melathron,Hotel,4-star hotel,4.4,338,"Periferiaki Verias, Veria 591 32, Greece",Veria,+30 2331 077777,aigesmelathron.gr,info@aigesmelathron.gr,40.5182336,22.212901,,"[""https://lh3.googleusercontent.com/gps-proxy/ALd4DhHNkUULiGwaMBs1ijqtAjbmZhXjt4CyzhuY7zNg3acodzDLndRjlw3zqNO5df1fssitTnUxdxLybWuNH6LMyFhZ166ISdh0dF4i2I9T7eXYmGFAKlhQdqlde8x_YhoP_g4Vx_EpA1paIVtxTszvabhTaFTB4U7tsvxGhWy8Bt4PO3UfR6LtPtWMbQ=w1200-h800"", ""https://lh3.googleusercontent.com/gps-cs-s/AC9h4no8gL5OwJn38HtMh4-QTTu8M2ZzEP90DmDdIUCULsW7B1qaMYFUl4nm-_uV-Uug7IKdNMopr-81UxIhRkDBFADWLq7i9-pTVVlkPf4d4TGACLcRIYCTRvumVRURNFaii5wtYOLbOg=w1200-h800"", ""https://lh3.googleusercontent.com/gps-cs-s/AC9h4npomEpAtUxtjXx0ba_qZ6bnfjp4HyEszJCygcvErOALjED5cS0mNEnrFQ1fSePV9GtzZ0jxU8Chw5hjPhR34UY20lEt11V4kpqdaAsbir4U-CuzJp0Y1n_pqbtkjbfO3xUYCsrvCRfW1Ds=w1200-h800"", ""https://lh3.googleusercontent.com/gps-cs-s/AC9h4nogV6c_U80SJStXlIUtUAvYvwovr9h8iIpFHnze8xPIHf_Nh_fDR1H7147oHzgrouCZ_26iXDtwnDc_ssZkhZ0QmwGV-xJpO5i9abMtnJLBBqDa5hG2zdyUV0P8fUueZNzGEkvN=w1200-h800"", ""https://lh3.googleusercontent.com/gps-cs-s/AC9h4nozAK_n71AnnZu4S4dKSI1-Y1LAf2bPpNtVRorcp1EO6uy59KqU-h6BuSwvfjNOl8vh85-C-E_rhF41nA4dHh3IjO57BYPo3NJbBIRuRT-twi3HsMtOo5w8lE86h290deSc2Otd=w1200-h800"", ""https://lh3.googleusercontent.com/p/AF1QipNx1Yp6IA-wCJqSfROWToWjbAc4lvvDeWVnjNYk=w1200-h800"", ""https://lh3.googleusercontent.com/gps-cs-s/AC9h4nouO3gtrL_ktzyhqEWb60kAGEfmNRgBCPezPdewAd1xLkB5QyrGdBouUCuoWkVrl25gGVxlMnFRBoXZTi2cig3CmRBxuFHBB7Uy4ATnVq9Xc43y-N-XTIKlj-v6SSH55uHYe4aP=w1200-h800"", ""https://lh3.googleusercontent.com/gps-cs-s/AC9h4np3t3WBwHfovU8fP7cPqLYeoS988erlQgN5ZFwzkcoqcnP6AlK10MtIUfK2LHamoQS0hF-vGSSXSqp-H2S-54bSafMKskuCD5-yvo_yA6fffcYOfZ_FmrDUAs92xTLGfuOdnDw=w1200-h800"", ""https://lh3.googleusercontent.com/gps-cs-s/AC9h4nr1GL17dOPLBZ2lk2zFuS0I2KOf48LGLuEofVBN7_ifKVnFWZyX4zfjG0M4tIlj1-PYiv6yx5mRqj2DQ8bORy26ys8nosGmxWH82i8Kc_LwkK0rloBjLBebtJ1JlNoSYipXdIy-wQ=w1200-h800"", ""https://lh3.googleusercontent.com/p/AF1QipNSfG0p-1utHS8N0pQ9xtjN4U4vUCm_eAGgaIjw=w1200-h800""]",https://www.google.com/maps/place/Aiges+Melathron/data=!4m10!3m9!1s0x1357929f04bf90b7:0x75fc9b243d1e921a!5m2!4m1!1i2!8m2!3d40.5182336!4d22.212901!16s%2Fg%2F1tq_ys_q!19sChIJt5C_BJ-SVxMRGpIePSSb_HU?authuser=0&hl=en&rclk=1,2025-09-06T16:39:42.577557,,,,,,,,
FILEO ELEGANT LIVING,Hotel,Hotel,4.6,50,"Αγίου Δημητρίου, Kastanias 2, Veria 591 32, Greece",Veria,+30 2331 021150,fileo.gr,info@fileo.gr,40.5215398,22.2048936,,"[""https://lh3.googleusercontent.com/gps-cs-s/AC9h4nqp2SrOHT_EQrFmCpPkwJla-vc4bzDT8M3LpGrzbkcvWTt3jGokl8toMDdvAKc4gS56y6vtfXxWFINRsl0VAjK8U6j4jIcaVaMqc_gXXbUwrU_C_XD-5SvCwmbFtLTE3gS3Opqg=w1200-h800"", ""https://lh3.googleusercontent.com/gps-cs-s/AC9h4nqwb2F59rjFGYDa9R7-16arCogxHa6qPrXTYEmi_Fvm0kHiZflMY_eQmrEG08zV8pjLX1GMmft6R3PCOcirwRmPyOguIG8hKA39kfV5Z1aCxsoiHP37Y_aeBIcR2zQ9G0MqaVM=w1200-h800"", ""https://lh3.googleusercontent.com/gps-cs-s/AC9h4nrS1G_q1HZ25g_olj0yRlxK2xtMX0W342vinGZzAl-rFAwCtg2_ISKjrJpLtYaIBbwmpMy8B3MRmZHjjnOaWWDdxM4I587S4aMu3tFi_3q-C7DVxNikR6HlTYfqYDEzejFFixEtCA=w1200-h800"", ""https://lh3.googleusercontent.com/gps-cs-s/AC9h4np_O8yhYRt5BCJYoSYe6uFXogQTWNBbkqDgJ7Th2vkTKDGX_wjxLBVPqMWLFR4jl1V8TleT8waYwG7CaZE4beu39NJ2P7HIEVuA3KkVOJT8bqjTn6c_g-1Ry_IFtElemilhC-vi=w1200-h800"", ""https://lh3.googleusercontent.com/p/AF1QipMzlDqH2WJjxJc4sIxSSbifg78AJ4KYS0p7aeiG=w1200-h800"", ""https://lh6.googleusercontent.com/proxy/wXDHnxltUUJfF7m0SJSuuz4sP8jSqrwGXwZGVz2aNf9TH382IwZfD6Lw69KiKcuAohZ4jSWR7zdnO9mem310V43Q7if8VGayQ9itDxMs5vnCzP9MoKxiECjID6pA8o776vo6pYlZSUEZCtKsDop-naQVbb2fdrI=w1200-h800"", ""https://lh3.googleusercontent.com/p/AF1QipO_4oArRcewSiueExUpU5DFNxYba9LtZ1HsVa39=w1200-h800"", ""https://lh3.googleusercontent.com/proxy/uVMgZlKs-jdDmdMdZOp0A3gxI_63CvOaxcQccqaqj6IUI2EEwYmrmGVRDG3sU3l_-4_ZS0ZlSpbWgqyYWBbBuxxMhA_8c107TD_lY0Av3PM6bxlZMOuS798FnUZWoy4f_nYw0jbiTJgrBX2Ou-Wo4S6aWVyxscU=w1200-h800"", ""https://lh3.googleusercontent.com/p/AF1QipMnyugQk3WBBe4EHi0RduDr7lFYNkmIZdPsilrn=w1200-h800"", ""https://lh3.googleusercontent.com/proxy/ddLEUGCCwoXWWQU3lypo4yNh9_cReeVUDNzRVTcIAsDkodEU39WSgjVVHhR_oc0EAnaIygBfijdbxO1Q5m7Ta-CkVLn4gjr2xO89XpsipmwsHNdYyshLZICl8zPjUmRUDpc3LKr3rdMtv0gAuQDUHXio9aZ1qto=w1200-h800""]",https://www.google.com/maps/place/FILEO+ELEGANT+LIVING/data=!4m10!3m9!1s0x1357929b97f9a30f:0x45c5f4df725cf1ea!5m2!4m1!1i2!8m2!3d40.5215398!4d22.2048936!16s%2Fg%2F11rcllsqc9!19sChIJD6P5l5uSVxMR6vFcct_0xUU?authuser=0&hl=en&rclk=1,2025-09-06T16:40:01.196296,,,,,,,,
Le Bijou Luxury Rooms & Suites,Hotel,Hotel,4.7,137,"Aristotelous 7, Veria 591 32, Greece",Veria,+30 2331 066919,lebijou.gr,info@lebijou.gr,40.5245627,22.2038221,,"[""https://lh3.googleusercontent.com/p/AF1QipNLYyRH8JkKKWhhcngdeemil3zSEQquBzTvghl0=w1200-h800"", ""https://lh3.googleusercontent.com/gps-cs-s/AC9h4npE-iM7a8x6d6yilzauB2zYQTUP1Xz1XfXZrgI2Xd4Vm_7C8C5VpSP3oxBXsb2OuerON9KjzW7g5NgT3SGZjNciVph4DQRX5mv5UJ0oM-IWRV5HiaFD5TsWy8_hqudZOpPPmTBQcw=w1200-h800"", ""https://lh3.googleusercontent.com/p/AF1QipNMEoX0c3Kwi8rJGvZucDCnyEG4ZxYOW8gzLlZ4=w1200-h800"", ""https://lh3.googleusercontent.com/gps-cs-s/AC9h4nr_3cswQomaY5MQDT98dHD6E22TjYklVbMdKPs7MV5lLg2Q73151iawjdncOPS8U0Kz-lEsDxwMoxXMfKfPUA6IW0PVcX62dZ826duMyFC5r3geueJhURisITjeUH5x-C7L1laB=w1200-h800"", ""https://lh3.googleusercontent.com/gps-cs-s/AC9h4nrOSg_KTZ4CaqcYqGH8SkIVq7CUAd4N_wjNLDM-ZsGSe5EdPBKI-KsEAvJQQ-GScEWTzwuLFxxoKwSg-7zRmo_ktHugAyYROseWdHCbyXZlR7T9KTDOcsLPzQl-8O9reJa320Ok=w1200-h800"", ""https://lh3.googleusercontent.com/p/AF1QipOrrXgnNUeJKxW0KjMjsXxVyTQub7c1NE9_DzwD=w1200-h800"", ""https://lh3.googleusercontent.com/a-/ALV-UjU0jaGC0JzDo4CF8P3zonNgqpYI_FwFFiPWg_O-dR7PP6x9mfy1=w1200-h800"", ""https://lh3.googleusercontent.com/a-/ALV-UjVkk85NsM3DSpeZJ5B09U290pJehnTcMeqYsjkHxVtSwJhhiOan=w1200-h800"", ""https://lh3.googleusercontent.com/a-/ALV-UjWgzuRykjduynIADu63NzP6kxoXgNWIqCemh0OGPLWU9UT7nrc=w1200-h800"", ""https://lh3.googleusercontent.com/p/AF1QipMUFapk_PBG7OA-1970j8LFGfUYDYzWNXumtYpo=w1200-h800""]",https://www.google.com/maps/place/Le+Bijou+Luxury+Rooms+%26+Suites/data=!4m10!3m9!1s0x1357929ac05e71d3:0x50b3aeb9ac5ad862!5m2!4m1!1i2!8m2!3d40.5245627!4d22.2038221!16s%2Fg%2F11f4wv8y2t!19sChIJ03FewJqSVxMRYtharLmus1A?authuser=0&hl=en&rclk=1,2025-09-06T16:40:17.060409,,,,,,,,
Veritas Boutique Art Hotel,Hotel,4-star hotel,4.6,298,"Aristotelous 8, Veria 591 32, Greece",Veria,+30 2331 068100,hotelveritas.gr,info@hotelveritas.gr,40.5245298,22.2035572,,"[""https://lh3.googleusercontent.com/gps-proxy/ALd4DhFL2sxTX5ReLomPr9F5mjrMMzVFzKFK5qPyaVyP62zCIIJnoYEpWxbtt5hbzvqlnkOht0_0k42uV-ljZ0dwLDMJxJ-b4XOITosqA8wEpu2Lc_tNJYR5rSj44E5VrNyvaaHwI6-4BI4MjMXsD0VTxi9zITFlgvRWZFawvTcDgA_GhJXOYuJo8LEZ6A=w1200-h800"", ""https://lh3.googleusercontent.com/gps-cs-s/AC9h4no1f_eivuiT0sbHmeSgkRQTLCHQ3FOZHt52MyGTyooCcRWGw_9tsEc3cYvPpIcw871dyC0yY-E9rpoio9tJ6L0vkDbtUYfW5Nqv4uDYsNPO-YJdqjDeVej6Cgdw4rYhpkdyOWA=w1200-h800"", ""https://lh3.googleusercontent.com/gps-cs-s/AC9h4noIf9k39e3N_rqG599uMWeiLzPZhEuKzObd_Pk1Kb61yra0ypSWenQ52OYSYAjn0djrtAwNgHP5LzycQNogLHUP-NGtgu7vWtdDAuqSt-IO__vCwXD8SaLtmvYJZqc4tilh_AR22g=w1200-h800"", ""https://lh3.googleusercontent.com/gps-cs-s/AC9h4nrW7esn-Bozp8DA2efceaPvo-j2xSW7hmJahs0SVpHsqKkkZdxf1ru6Lz1aftk4NIF9r2aEnzkSgJoT2seaXyBlaT9cctQj-Y_6pmIZTY4XHlRMFuY1uEP4Zo3NGcFNUyi5o5KIoA=w1200-h800"", ""https://lh3.googleusercontent.com/gps-cs-s/AC9h4nqs8MYIqgQrHfMknxvYRfgkezrjV_VzPHEmERbZHLr6PIF-bgTDVWPEsWwcgZgYNdeKHpTdkEr6i2S5FndkJ5BS_X0km8A0sp19naZ6hO6vK1EOz-01vlfmZ-d4BJ0Z6KJvl9oe=w1200-h800"", ""https://lh3.googleusercontent.com/gps-cs-s/AC9h4nqCObZ8sbJxiraWkbQGWsRw0kFKaphw-uQ1T1KiJx8BbEWdObP4MA5tQGwiLzxtMwYITQ-oSJ6TVYxvvc8w3oGbTSyo2y6Cbi4UP1PE6mj4gqSWsRpdT7TjLSubCs0sEDjdTuiz=w1200-h800"", ""https://lh3.googleusercontent.com/p/AF1QipMnyugQk3WBBe4EHi0RduDr7lFYNkmIZdPsilrn=w1200-h800"", ""https://lh3.googleusercontent.com/p/AF1QipMBis6xxUUF5M6CimfAy5d2pqzsFbXvlrzcoRg=w1200-h800"", ""https://lh6.googleusercontent.com/proxy/d5lrFmNPb1xRRB1lGHT6hu3Eod4gw_yXIH-PX_GPUkO9ZWoRL2M4q-W7ft2BpK-Mf1EgB2vTJYBk71pKs4szBHkSgtmef2Mmu8qU9GrmRSbbZBFlsNaLLNoUNtZfVJcvUNNazBfvwrBruFgAgSPB4g-GfpoChQ=w1200-h800"", ""https://lh3.googleusercontent.com/proxy/uVMgZlKs-jdDmdMdZOp0A3gxI_63CvOaxcQccqaqj6IUI2EEwYmrmGVRDG3sU3l_-4_ZS0ZlSpbWgqyYWBbBuxxMhA_8c107TD_lY0Av3PM6bxlZMOuS798FnUZWoy4f_nYw0jbiTJgrBX2Ou-Wo4S6aWVyxscU=w1200-h800""]",https://www.google.com/maps/place/Veritas+Boutique+Art+Hotel/data=!4m10!3m9!1s0x1357929ac68a6ccd:0xc96c5b3671ee2641!5m2!4m1!1i2!8m2!3d40.5245298!4d22.2035572!16s%2Fg%2F11b6_zz4_m!19sChIJzWyKxpqSVxMRQSbucTZbbMk?authuser=0&hl=en&rclk=1,2025-09-06T16:40:36.712762,,,,,,,,
Veriopolis Hotel,Hotel,4-star hotel,4.1,296,"2klm Veria to Asomata, Veria 591 32, Greece",Veria,+30 2331 100540,facebook.com,,40.4964366,22.2316795,"[""https://www.facebook.com/Veriopolis-Hotel-109062035903072/""]","[""https://lh3.googleusercontent.com/gps-proxy/ALd4DhFW9XeknpzQHZcDuczfM2xThoxI--bE_7HKm6JTwGMUyQeiiZCnRyKRas6pn0sU2AaCODDuGgknzEf8KtRChkBd7M0xXK2Gd3QhX-etoG7p9HqvsmR-RcS7i0LQ9rwYQtpFkGmexnBJd53WvDOEs0WjYXY5ZP_6gJiNv8TnvGTVgnmEMInJW0mPfA=w1200-h800"", ""https://lh3.googleusercontent.com/gps-cs-s/AC9h4nobW2LDNjUla6r43sc7SCn0HHDv3DumIl0qHr_kLndOsZIj-Wi4xcAFT1YdBh2Flx_QvTsqbH0B7CwShopPjeTMBjEMgGD5sN2y-XOdXfBswd899a4oNVkWaae0l1epugPwd8rhrhI6SV_a=w1200-h800"", ""https://lh3.googleusercontent.com/gps-cs-s/AC9h4nrWxyUN0bTchgECuNN0J2ni95qlooO6gaGWgW1HYmiT9aCDDLooJ-6tNFqxWaKIVj6Q6zWBTWrwtFoKLRDUp0hoCJ2_bcwRWIBglTMnGH0rzQ8Joo9clQ4XHfhmYeD7Y0hD6U3HyviKuu0=w1200-h800"", ""https://lh3.googleusercontent.com/gps-cs-s/AC9h4nrqNgt0Og3KyLNjoWJ2jAvD4OrSITGxg6CbVuXfHKijxffiaj9XB9pOyq6SQqDrDUBOReXgFe4w-QllH7G8u3MWelGHqSaMoO_vxinCCQ1146ixY1HWUAPGq5nsy91hBuquGGcI=w1200-h800"", ""https://lh3.googleusercontent.com/gps-cs-s/AC9h4np6Ap2bHEckdRDFqPOzXsfhpJ_ypZo0cYJmCFeFZtxdeGsG-EyZpdUq1xgXY06125F3WwJO0ahkjcTiPkvL0aSm48RUlPELxH0V3zT-BGCpNaboXxA0DPyX5ng5RvmBbyk9JgRMwBSoVhiV=w1200-h800"", ""https://lh3.googleusercontent.com/gps-cs-s/AC9h4nqyGbCQNoBk9j2DMJMKMG8iiKHxGJ8Ed7Rb73pnZ_-aMLWyCpGXX6cM-fMUe5LAHBq7-ACup2Q-yrEpmmIShmaLz-ICQl46-jcSc5R4XpCnx_g5g-FTKTfemdli2evMZHGXyTo6Rh91gV4=w1200-h800"", ""https://lh3.googleusercontent.com/gps-cs-s/AC9h4no_ud4UReSUEekLlVdNv1HI_ApIUCfUntCAiOm-tB0zOZkEqvYcCeoipqp9dmpsoQNYj57RohPBAK4csBov82aTqhffPCPWkspEQdnu5zX8b1WcyIS3F_3ZHWUvxN-d2Gyorg4=w1200-h800"", ""https://lh3.googleusercontent.com/gps-cs-s/AC9h4np1FZoyEdGA2ZOB4RkW5-PPnj1oOJhDb2BpIu2Nkp4PzuqI8IrldiVfrdYbLb4hBws199M_n8jybAnBx__7cJoWmt6mG4uDahHfQPOD0av2cHXDnkiXDFWxoP5WycQFs1WzY2empZdkWLE=w1200-h800"", ""https://lh3.googleusercontent.com/gps-cs-s/AC9h4nolQNwCoSvbf72miuaGOSDKf3LrmJrC4mbDpDxmXtmY8xKdQ74XlCSH8EkgIDx_tUpItKb-7Qx8DQAgCdI-EvP4lOqoKJ5Kh0Lwq2aDldmqvD1mMxTZfgnRvojp2SLfP1JF_u4=w1200-h800"", ""https://lh3.googleusercontent.com/p/AF1QipMzlDqH2WJjxJc4sIxSSbifg78AJ4KYS0p7aeiG=w1200-h800""]",https://www.google.com/maps/place/Veriopolis+Hotel/data=!4m10!3m9!1s0x13578d3410bd17c1:0x3efd476d26a393ab!5m2!4m1!1i2!8m2!3d40.4964366!4d22.2316795!16s%2Fg%2F11x98ztw8!19sChIJwRe9EDSNVxMRq5OjJm1H_T4?authuser=0&hl=en&rclk=1,2025-09-06T16:40:55.205237,,,,,,,,
"Lozitsi Hotel, Catering",Hotel,3-star hotel,4.6,559,"1.5 km. Veria-Seli, Veria 591 32, Greece",Veria,+30 2331 022327,lozitsi.gr,info@lozitsi.gr,40.4995236,22.1848377,,"[""https://lh3.googleusercontent.com/gps-proxy/ALd4DhGUw0vI0o4Ogl1nf0m0KeQBRj_n3pJWRE32Sq7_-DLKViIO9G0JNdxC3ritJUqAHtzUONFeC5d6KHqtdJluypgJDprq-v6LrabcKMtud_R4iGUoQo4Swhj0M4mBuzGkKiVL_Irw2NnfUeH9ajhS9hbAQIRPg3shm8s_qxHxzDtuuafUa5nnP8U=w1200-h800"", ""https://lh3.googleusercontent.com/p/AF1QipOogNn0TwhbvKhDAed6Y75SLs0XCoavrI9_YsvB=w1200-h800"", ""https://lh3.googleusercontent.com/gps-cs-s/AC9h4noRq2BTyGFEFBsWFOTTJlOegxQdrEwhaq7z4xkJWYemPqgXflUUa9Dx4yN3BJjrBj6WsmNFKMoS4HCboqp56iA90o8zYPCA8rt0U5detbwQa8aNb0alEZOB9fTA-z0BkpVZSPJl=w1200-h800"", ""https://lh3.googleusercontent.com/gps-cs-s/AC9h4npMmFraYw-hfwcYKwMVfncRpu0xbj8MJXGY_v0DaJslAqnWnLXUIXZ9WqJaS6x-euKrQzv6MvkqPUosmTWcFFdrFvlTcCc4kN8VCN6xPD9HtE9pdy9_VpmuTvMf49JhSt4Ni5II4w=w1200-h800"", ""https://lh3.googleusercontent.com/p/AF1QipOzLe5_L2ESHnSNnq8O-55B_WySsHJz0VKt0Qcd=w1200-h800"", ""https://lh3.googleusercontent.com/p/AF1QipN8DYDG0-tX5Jb_Rsyy7bDHsCwX3MnaPwnH3xDi=w1200-h800"", ""https://lh3.googleusercontent.com/gps-cs-s/AC9h4nqH3_ryKtHzI9iVI_m5otgeK5oYDO1BesUWOkTZ2-KUTRMPNS2LV9EIUqfSKMYTTIRdgtErDlqngg-rIJAdK2O1aN8pDIvHyLESLv7JWvvKjKtfbkAvDpebIi5bGMoOMOU6LHQR=w1200-h800"", ""https://lh3.googleusercontent.com/p/AF1QipNE65KbXf4QxLTO0VisILcrLfDK30nH337TSMYF=w1200-h800"", ""https://lh3.googleusercontent.com/p/AF1QipMzlDqH2WJjxJc4sIxSSbifg78AJ4KYS0p7aeiG=w1200-h800"", ""https://lh3.googleusercontent.com/p/AF1QipMBis6xxUUF5M6CimfAy5d2pqzsFbXvlrzcoRg=w1200-h800""]","https://www.google.com/maps/place/Lozitsi+Hotel,+Catering/data=!4m10!3m9!1s0x13578da231590c97:0x532bea0cbc0fac5b!5m2!4m1!1i2!8m2!3d40.4995236!4d22.1848377!16s%2Fg%2F113jjfy7q!19sChIJlwxZMaKNVxMRW6wPvAzqK1M?authuser=0&hl=en&rclk=1",2025-09-06T16:41:15.124511,,,,,,,,
Veria Suite,Hotel,Hotel,4.7,38,"Seferi 13, Veria 591 32, Greece",Veria,+30 694 782 5151,veriasuite.gr,info@veriasuite.gr,40.5185025,22.1992496,,"[""https://lh3.googleusercontent.com/p/AF1QipMIl5RyUkYY7ISlz5f-4mMsXpI9cfLG29Tb_k6V=w1200-h800"", ""https://lh3.googleusercontent.com/p/AF1QipOfaSBcRDaA2IuqDevbQxH_VrcCO4PWKxXk-fTr=w1200-h800"", ""https://lh3.googleusercontent.com/p/AF1QipOyDJPv91JXbwpyb7IkPcAG1q7Oenrp0UgbsUmt=w1200-h800"", ""https://lh3.googleusercontent.com/gps-cs-s/AC9h4npITaBKzm9tBh5HiumFZVbodv_5_p5aC5wM4zjHf80wL_xNHK1Dqppt6557sZUbWBLNYEG4EDOnJi5rmwmaJJmtcOIcF1HGFImILC5xZ11QYXSNicbD7TTvVPuN3cQm_wRRH50=w1200-h800"", ""https://lh3.googleusercontent.com/p/AF1QipOR9JvItYMQcO_HLXgGEaSXCFRzNJj8v4IK2qcw=w1200-h800"", ""https://lh6.googleusercontent.com/proxy/TrCzQ3LVWzI74aWJBeJBZ2k4pZ9jDm24DFoW7tBrV-izxQIjVfyQtcnkl1y3Egw3QBzNQMFXg_HGWNoQUGt-4nX42C1JXtFPs77UelITUnLT8w2c0GbHIT9Mcutw5883eoPKbhBK7ZZmYoXJVPiCtQPseWMaDA=w1200-h800"", ""https://lh5.googleusercontent.com/proxy/qc63YIusUzAEdkQ26saaH_tkgc_cDWYPprDyFWs31zEkFFfTPTLS8YkJ6iUAbljBcscxHd__6vExYAOFfR4bijkHdgjl2YGTfvZPtsp5ctCAAYcwXrwQIP0X4q5bpIj4FgQ7qHWZrmpVfPRJFaOi-x0n3e9j7KM=w1200-h800"", ""https://lh4.googleusercontent.com/proxy/O33RiwzahlnqbZUkfXDMJ-7lLm5NOPNg3Ysw2T8qlspdEtd5x2hCwyCxjcoQzRLGbfWsb8Ignw8r22NwJ4mOfk2FwpLiw-I4RfN5Qr61mJp7JA3eml4bGHXEg_1MUDIkUtA6dpzbrqY7d2ToaDukHwF7hrWAAE0=w1200-h800"", ""https://lh5.googleusercontent.com/proxy/jYZ1Ock6MnsW2ehC19_JgIYp4tLNGr9hP91405Jq6Pjlu7yhoN5ua_BLA6GLF8dKgPPaAPXresbdm-gbwZgXwqSIr0H2ch-6Or2yiqch8MZ0gcZKojNyh6HhsGafAabWAE3q6hgPd1A9lriHL0S74gmOuBQMy0o=w1200-h800"", ""https://lh6.googleusercontent.com/proxy/hbJabqBusv3_G8Vd7nOygp7qocccHDsQaYjLNMv-MHAskpDe-ceQL10kokQdkhn3CHeEFNFIKZZXVYKvDlyH0vrbIt-veCf9-fxeBq-J9NA_2xXeKJoZtR35_nHtLW7uLRoUlq3FB6skuLTSggZPju68iCd7xA=w1200-h800""]",https://www.google.com/maps/place/Veria+Suite/data=!4m10!3m9!1s0x13579282659986e7:0xff693f3c0c180ca4!5m2!4m1!1i2!8m2!3d40.5185025!4d22.1992496!16s%2Fg%2F11f613ddb_!19sChIJ54aZZYKSVxMRpAwYDDw_af8?authuser=0&hl=en&rclk=1,2025-09-06T16:41:31.360918,,,,,,,,
Giagoglou & Co. Ltd,Hotel,Hotel,4.1,48,"Leof. Anixeos 82, Veria 591 32, Greece",Veria,+30 2331 075789,eneari.gr,info@eneari.gr,40.525365,22.2070924,,"[""https://lh3.googleusercontent.com/gps-cs-s/AC9h4nooTWtv1GJ5waSwCaLursS67kGZ_1QrYhinIvwti3hx0GEgI3FnC5uy5mots0JE8Qua5hPCZSGSZ6lRO_lcSbhwTaVRvTv5-LW7tMzPJ5SM6yRGjLLqmaAJvU3QC4gUwUFcAl1ZJg=w1200-h800"", ""https://lh3.googleusercontent.com/p/AF1QipMzlDqH2WJjxJc4sIxSSbifg78AJ4KYS0p7aeiG=w1200-h800"", ""https://lh3.googleusercontent.com/p/AF1QipMBis6xxUUF5M6CimfAy5d2pqzsFbXvlrzcoRg=w1200-h800"", ""https://lh6.googleusercontent.com/proxy/wXDHnxltUUJfF7m0SJSuuz4sP8jSqrwGXwZGVz2aNf9TH382IwZfD6Lw69KiKcuAohZ4jSWR7zdnO9mem310V43Q7if8VGayQ9itDxMs5vnCzP9MoKxiECjID6pA8o776vo6pYlZSUEZCtKsDop-naQVbb2fdrI=w1200-h800"", ""https://lh3.googleusercontent.com/gps-cs-s/AC9h4nprEu-q8gBg_X7rY2wHJjdMKZby4dQit_HkWhevCQ2yjLkZvdtz2xsRZ5ffxJs8pokf56wkkjXZ2zMRcdqvKLJhmWUBAL2JphrWtdyedqeWoG-GuONansTecGh8C-nCHKwWeiTJ=w1200-h800"", ""https://lh3.googleusercontent.com/proxy/uVMgZlKs-jdDmdMdZOp0A3gxI_63CvOaxcQccqaqj6IUI2EEwYmrmGVRDG3sU3l_-4_ZS0ZlSpbWgqyYWBbBuxxMhA_8c107TD_lY0Av3PM6bxlZMOuS798FnUZWoy4f_nYw0jbiTJgrBX2Ou-Wo4S6aWVyxscU=w1200-h800"", ""https://lh6.googleusercontent.com/proxy/d5lrFmNPb1xRRB1lGHT6hu3Eod4gw_yXIH-PX_GPUkO9ZWoRL2M4q-W7ft2BpK-Mf1EgB2vTJYBk71pKs4szBHkSgtmef2Mmu8qU9GrmRSbbZBFlsNaLLNoUNtZfVJcvUNNazBfvwrBruFgAgSPB4g-GfpoChQ=w1200-h800"", ""https://lh3.googleusercontent.com/p/AF1QipMnyugQk3WBBe4EHi0RduDr7lFYNkmIZdPsilrn=w1200-h800"", ""https://lh3.googleusercontent.com/p/AF1QipO_4oArRcewSiueExUpU5DFNxYba9LtZ1HsVa39=w1200-h800"", ""https://lh4.googleusercontent.com/proxy/NVYKCptFztPNuTAN2QF1e7D3IWh_YK1PYI37EtjJGsXRkV_YZsNkqWL296GmkaEGOAfgBRqnWzd73s7vyEqdls9y9O6TnlS9x-MH3Fj0x6Mxxkvi-FF3JA_tnBmAjFuEWx-Mv1JkEshKdJp310mFWRxe1XoYGQ=w1200-h800""]",https://www.google.com/maps/place/Giagoglou+%26+Co.+Ltd/data=!4m10!3m9!1s0x13579290b907e071:0xbf3c3f357c352a84!5m2!4m1!1i2!8m2!3d40.525365!4d22.2070924!16s%2Fg%2F11h178sj5!19sChIJceAHuZCSVxMRhCo1fDU_PL8?authuser=0&hl=en&rclk=1,2025-09-06T16:41:51.028134,,,,,,,,
Veria Panorama Luxury Suite With Garden,Hotel,Hotel,5.0,57,"Πολιτικών Προσφύγων 22, Panorama 591 32, Greece",Veria,+30 697 180 8642,verialuxuryapartments.com,papalic@otenet.gr,40.5130814,22.1823514,,"[""https://lh3.googleusercontent.com/gps-cs-s/AC9h4nq-an7IijpPBSOwseBsvOiqobabd1ZXd3sQ4SHoUS5ntTElX8kMbsN4v5aec_DNbkTG7kEg67p04zMCJSwd2qJPq864ffc8xyPY7rrp9ExjYhcOWcckYJavpbAqRAraocs042I5Kw=w1200-h800"", ""https://lh3.googleusercontent.com/gps-cs-s/AC9h4nrLDzZiVjpKHTpk0aGuCk4AYaQIZ-6MqKWlfDzPrXtVzMvKtdampmsWomsxTxK8kIlefHCt06Y6bamy5I3LwYT5QNuZSfrmMeSuWRtD-vJJcQBuNfm5CfTo5wv2KHwwDF9O_FKbKQ=w1200-h800"", ""https://lh3.googleusercontent.com/gps-cs-s/AC9h4nqRjTd8Cnf5DbgZC7ZrvE_5ksKUb-5UKL4HsGrIk3_DaCsk2gQyEjvPE03RwhkBtfIq6mc58vJ8ZsoZThawRW-1WWGhC6NoZUhMVqHf5Gs4Gs-RaGSGW8Nbvd2478Fja1wXFBJ_aoCSDy2U=w1200-h800"", ""https://lh3.googleusercontent.com/p/AF1QipNMe5yapPcYoptupTze7ZehkUAXLUQTOFlhY8Wo=w1200-h800"", ""https://lh3.googleusercontent.com/gps-cs-s/AC9h4nrK1MDx4MTSpdW7NVvKyzrKy73W8Gp8hMNsSNTC7FtKmoW-mQjZtYwE_YRtwSjbMis61obTA8us9Q252TZRmKT39rqsomPqo2jl78Gs9VICTFDyRYZByeVCf7kq5m_YpUIZRH15=w1200-h800"", ""https://lh3.googleusercontent.com/p/AF1QipPRKhoxhCnvgzeR8FcJmtTFLEexMKOvYMub4ckV=w1200-h800"", ""https://lh6.googleusercontent.com/proxy/wbji--e1bvINWEkgz2ZYfrz_0WRrT-R3ZMSoKdJXttiEM1z929XrmL9MUuj_SVxcaVF0szaFD3hIeD88JWLlZjvIyIxG3Ypi7rtBT3gtzRcJzcReRYoQ05wopE7w1Bw_gZyoNnwP5qypnytQwJPhA6sMMV8FtQ=w1200-h800"", ""https://lh3.googleusercontent.com/proxy/m-gOAoqBp-Txt4kqdVDHijmIKbVB_sU7YnULtaflJfICySdW5jamcM4KlXkiFmffkR_DeRuWpzjeqRJMzvecGdHXLvzNA-r7jUtlgObXX-flDnst5WX-VGwJZRLg_6NMr9Zt2R77YTEq0g9Sl4fmJo60Jfsk21o=w1200-h800"", ""https://lh4.googleusercontent.com/proxy/O33RiwzahlnqbZUkfXDMJ-7lLm5NOPNg3Ysw2T8qlspdEtd5x2hCwyCxjcoQzRLGbfWsb8Ignw8r22NwJ4mOfk2FwpLiw-I4RfN5Qr61mJp7JA3eml4bGHXEg_1MUDIkUtA6dpzbrqY7d2ToaDukHwF7hrWAAE0=w1200-h800"", ""https://lh5.googleusercontent.com/proxy/jYZ1Ock6MnsW2ehC19_JgIYp4tLNGr9hP91405Jq6Pjlu7yhoN5ua_BLA6GLF8dKgPPaAPXresbdm-gbwZgXwqSIr0H2ch-6Or2yiqch8MZ0gcZKojNyh6HhsGafAabWAE3q6hgPd1A9lriHL0S74gmOuBQMy0o=w1200-h800""]",https://www.google.com/maps/place/Veria+Panorama+Luxury+Suite+With+Garden/data=!4m10!3m9!1s0x13578ddf03bee2ab:0x6e2ba6ae51b4869c!5m2!4m1!1i2!8m2!3d40.5130814!4d22.1823514!16s%2Fg%2F11rzpjq_md!19sChIJq-K-A9-NVxMRnIa0Ua6mK24?authuser=0&hl=en&rclk=1,2025-09-06T16:42:08.967810,,,,,,,,
Veria Hotel,Hotel,2-star hotel,3.5,86,"6th Km Veria Naoussa, Veria, Greece",Veria,+30 2331 093112,veriahotel.gr,info@veriahotel.gr,40.5772246,22.1745154,,"[""https://lh3.googleusercontent.com/gps-proxy/ALd4DhF2IO_3kWr0zWk2cSMCt_YyfD5x5a3ah-0zW9A8o9yYgt9NhTyOSu6deCOrEUd1E9xphKTxDC35MqMRRvaitHn3KL0zcYz8ZDT8T_0U8snvlFN6Chyg-Ee_IMkLbjJMlg0o4BAI4aWmkmANL_P2zq225ekuQnvN4YZQdQWeZjyOhT8vMFT3TVq0=w1200-h800"", ""https://lh3.googleusercontent.com/p/AF1QipMzlDqH2WJjxJc4sIxSSbifg78AJ4KYS0p7aeiG=w1200-h800"", ""https://lh3.googleusercontent.com/p/AF1QipMBis6xxUUF5M6CimfAy5d2pqzsFbXvlrzcoRg=w1200-h800"", ""https://lh6.googleusercontent.com/proxy/wXDHnxltUUJfF7m0SJSuuz4sP8jSqrwGXwZGVz2aNf9TH382IwZfD6Lw69KiKcuAohZ4jSWR7zdnO9mem310V43Q7if8VGayQ9itDxMs5vnCzP9MoKxiECjID6pA8o776vo6pYlZSUEZCtKsDop-naQVbb2fdrI=w1200-h800"", ""https://lh3.googleusercontent.com/proxy/uVMgZlKs-jdDmdMdZOp0A3gxI_63CvOaxcQccqaqj6IUI2EEwYmrmGVRDG3sU3l_-4_ZS0ZlSpbWgqyYWBbBuxxMhA_8c107TD_lY0Av3PM6bxlZMOuS798FnUZWoy4f_nYw0jbiTJgrBX2Ou-Wo4S6aWVyxscU=w1200-h800"", ""https://lh3.googleusercontent.com/p/AF1QipMnyugQk3WBBe4EHi0RduDr7lFYNkmIZdPsilrn=w1200-h800"", ""https://lh3.googleusercontent.com/p/AF1QipO_4oArRcewSiueExUpU5DFNxYba9LtZ1HsVa39=w1200-h800"", ""https://lh4.googleusercontent.com/proxy/NVYKCptFztPNuTAN2QF1e7D3IWh_YK1PYI37EtjJGsXRkV_YZsNkqWL296GmkaEGOAfgBRqnWzd73s7vyEqdls9y9O6TnlS9x-MH3Fj0x6Mxxkvi-FF3JA_tnBmAjFuEWx-Mv1JkEshKdJp310mFWRxe1XoYGQ=w1200-h800"", ""https://lh3.googleusercontent.com/proxy/ddLEUGCCwoXWWQU3lypo4yNh9_cReeVUDNzRVTcIAsDkodEU39WSgjVVHhR_oc0EAnaIygBfijdbxO1Q5m7Ta-CkVLn4gjr2xO89XpsipmwsHNdYyshLZICl8zPjUmRUDpc3LKr3rdMtv0gAuQDUHXio9aZ1qto=w1200-h800"", ""https://lh6.googleusercontent.com/proxy/d5lrFmNPb1xRRB1lGHT6hu3Eod4gw_yXIH-PX_GPUkO9ZWoRL2M4q-W7ft2BpK-Mf1EgB2vTJYBk71pKs4szBHkSgtmef2Mmu8qU9GrmRSbbZBFlsNaLLNoUNtZfVJcvUNNazBfvwrBruFgAgSPB4g-GfpoChQ=w1200-h800""]",https://www.google.com/maps/place/Veria+Hotel/data=!4m10!3m9!1s0x135793bc4637abbb:0xecf73b9d1f437041!5m2!4m1!1i2!8m2!3d40.5772246!4d22.1745154!16s%2Fg%2F1tcwc86h!19sChIJu6s3RryTVxMRQXBDH5079-w?authuser=0&hl=en&rclk=1,2025-09-06T16:42:27.076696,,,,,,,,
Aigon Hotel,Hotel,3-star hotel,4.4,98,"Vergina 590 31, Greece",Vergina,+302331092524,,,40.4842089,22.3164528,,,,,,,,,,,,
Hotel Kapsalis,Hotel,3-star hotel,4.5,440,"Vromopigado, 8th km. Verias-Seliou, Veria, 59100, Greece",Veria,+306988007086,http://www.hotel-kapsalis.gr,,40.4926691,22.1236535,https://facebook.com/hotelkapsalis,,,,,,,,,,,
Estate Kalaitzis,Hotel,3-star hotel,4.2,387,"Metochi, Vergina, 59031, Greece",Vergina,+302331092092,https://www.ktima-kalaitzis.com,,40.4906816,22.2864551,,,,,,,,,,,,
Olympia Guesthouse Ξενοδοχείο,Hotel,3-star hotel,4.5,162,"Aristotelous 30, Vergina, Greece",Vergina,+302331068052,https://www.xenonasolympia.gr,info@micronet.gr,40.4852408,22.3205173,,,,,,,,,,,,
Hotel Archontiko Dimitra,Hotel,3-star hotel,4.8,86,"Vergina, 59031, Greece",Vergina,+302331092900,,,40.487475,22.3161681,,,,,,,,,,,,
Pension Vergina,Hotel,Hotel,4.5,252,"Aristotelous 55, Vergina 590 31, Greece",Vergina,+302331092510,https://www.hotelshellenic.com/pension-vergina,,40.4908278,22.3184168,,,,,,,,,,,,
,,,,,,,,,,,,,,,,,,,,,,,
,,,,,,,,,,,,,,,,,,,,,,,
,,,,,,,,,,,,,,,,,,,,,,,
,,,,,,,,,,,,,,,,,,,,,,,
,,,,,,,,,,,,,,,,,,,,,,,
,,,,,,,,,,,,,,,,,,,,,,,
,,,,,,,,,,,,,,,,,,,,,,,
,,,,,,,,,,,,,,,,,,,,,,,
,,,,,,,,,,,,,,,,,,,,,,,
,,,,,,,,,,,,,,,,,,,,,,,
,,,,,,,,,,,,,,,,,,,,,,,
,,,,,,,,,,,,,,,,,,,,,,,
,,,,,,,,,,,,,,,,,,,,,,,
,,,,,,,,,,,,,,,,,,,,,,,
,,,,,,,,,,,,,,,,,,,,,,,
,,,,,,,,,,,,,,,,,,,,,,,
,,,,,,,,,,,,,,,,,,,,,,,
,,,,,,,,,,,,,,,,,,,,,,,
